Indonesia,Davon Jakolevitch,Oldsmobile
Portugal,Gordie Camilleri,Dodge
Canada,Estel Gillies,Subaru
Bulgaria,Coral McConachie,GMC
China,Cullen Gannaway,Toyota
Russia,Quent Thorneloe,Honda
Philippines,Bunnie Joesbury,Eagle
Spain,Kiel Dumphy,Chevrolet
Indonesia,Deck Trevains,Volkswagen
Colombia,Leanora MacGeaney,Eagle
Chile,Forrester Zarfati,Nissan
Indonesia,Vina Lampkin,Dodge
Russia,Becca Allibon,Chevrolet
France,Pauly Shovell,Volvo
Mauritania,Honoria Pridie,Chrysler
Philippines,Allyce Alison,Chevrolet
Peru,Manfred Whebell,Toyota
China,Lillian Aspin,Suzuki
Sweden,Meredithe Knott,Chevrolet
Cameroon,Lazaro Seamark,Mazda
United States,Felic Levane,Eagle
Indonesia,Creighton Slite,Buick
Sweden,Harv Extance,Maybach
China,Garrick Powers,Audi
Belarus,Germaine Milley,Honda
France,Ignazio Dougliss,Saab
Serbia,Jarid Fortey,Ford
Latvia,Amil Awin,Dodge
Argentina,Gregorius Huntar,Dodge
China,Huntington Ilyukhov,Jaguar
Slovenia,Drugi Tulloch,Subaru
Indonesia,Doreen Reyner,GMC
Afghanistan,Freida Sherrott,Mercury
Colombia,Murvyn Bogie,Volkswagen
Russia,Frances Pomroy,Toyota
China,Carilyn Milella,Mitsubishi
Brazil,Dania Childerley,GMC
Sweden,Zebedee Fuggles,Ford
Slovenia,Virgilio Hauxwell,Mercury
Indonesia,Ray O'Kynsillaghe,Nissan
Portugal,Frayda Bounds,Acura
China,Olivero Tirkin,Chevrolet
Russia,Kerri Avard,Toyota
Argentina,Ced Tulip,Chevrolet
Philippines,Lona Mustoo,Buick
Greece,Robinetta Fissenden,Mercury
France,Giordano Skains,Audi
China,Doralia Stemson,Suzuki
China,Cassy Donoher,Land Rover
Indonesia,Hatty Money,Dodge
China,Rosabel Donegan,Honda
Russia,Jo Houten,GMC
China,Weylin Scoullar,Volkswagen
Indonesia,Leonerd Rainbow,Ford
Burkina Faso,Tracey Musicka,Oldsmobile
Philippines,Retha Kinnock,Ford
Sweden,Nata Tebb,Toyota
Sweden,Dixie Avery,Pontiac
France,Karlotta Lawley,Lincoln
Senegal,Malena Rosenbarg,Saab
Brazil,Filippa McCathie,Dodge
Germany,Freddi Stavers,Pontiac
Indonesia,Daphne Blinckhorne,Ford
Ukraine,Elga McIlmurray,Dodge
Canada,Jerrine Flay,Chevrolet
China,Dennis Anfusso,Infiniti
Serbia,Taddeo Shillabeer,Chevrolet
Peru,Briny Packington,Subaru
China,Enoch Filipovic,Mercury
Argentina,Aubrette Ladloe,Maserati
Afghanistan,Ruthie Crigin,Mazda
Russia,Maggie Castro,Oldsmobile
Indonesia,Todd Aers,Lamborghini
Russia,Percy Landell,Suzuki
Brazil,Thoma MacCrann,Chrysler
Indonesia,Everard O'Henehan,Ford
Norway,Rosemaria Graben,Chevrolet
Russia,Lavinie Whaymand,Buick
France,Obie Alabone,GMC
Philippines,Gerianna Kaines,Rambler
Philippines,Glendon Masser,Chevrolet
Indonesia,Sari Smitherham,Geo
Portugal,Goran Catley,Honda
Indonesia,Bobine Bish,Chevrolet
Russia,Kala Slay,Saab
China,Bobbie Killgus,Buick
United States,Bennett Matthius,BMW
Indonesia,Agneta Simonel,Chevrolet
Indonesia,Drusy Catlow,GMC
Ecuador,Shayla Moores,Dodge
China,Nikolaos Cruikshanks,Mercury
China,Willdon Portail,Chevrolet
Russia,Hebert Prevett,Chevrolet
Argentina,Thebault Helliker,Jeep
Dominican Republic,Aloysius Chander,Hyundai
Ethiopia,Paolina Oxborough,Ford
Bahamas,Gizela Leport,Maserati
China,Leia Mabey,Mercedes-Benz
Canada,Doroteya Cawthorn,Volkswagen
Brazil,Gerrard Warwicker,Toyota
Russia,Nicola Marishenko,Nissan
Russia,Lorilyn Wollers,Audi
Brazil,Freeman Massingberd,Dodge
China,Dun Eastmond,Chevrolet
China,Carolann Kochl,Honda
Indonesia,Gay McCurlye,Lincoln
China,North Langston,Acura
Estonia,Dimitri Fardo,BMW
France,Dru Petracci,Suzuki
Serbia,Branden Danielovitch,Mitsubishi
Ukraine,Cleopatra Klimczak,Mitsubishi
Comoros,Valida Fardy,Mazda
Russia,Neale Belshaw,Ford
China,Nadine Koschek,Toyota
Uganda,Rudie Vasyunichev,Lexus
Portugal,Ricki Greiser,Volkswagen
China,Tab Gentry,Mazda
China,Lacee Wattam,Nissan
Brazil,Lowe Rabbe,Ford
Sweden,Sheridan Drew-Clifton,Ford
Mongolia,Suki Rustman,GMC
United States,Henderson Wedgbrow,Honda
United States,Rivi McGowan,Mitsubishi
Vietnam,Batholomew Bischof,Nissan
China,Ailene Coggin,Mazda
Peru,Bancroft Wayt,Infiniti
France,Herbert Hutsby,Pontiac
Indonesia,Merle Gaitskill,Ford
Portugal,Matelda Hopewell,Toyota
Mongolia,Tuck Klimus,Suzuki
Indonesia,Virgie Churly,Volkswagen
China,Christie Waddoups,Mercedes-Benz
Indonesia,Farlay Magne,Mitsubishi
China,Timothee Newitt,Mitsubishi
Indonesia,Leland Binnion,BMW
Armenia,Rayna Millhill,Hyundai
Vietnam,Gifford Cleave,Toyota
France,Steffi Crummey,Mitsubishi
Sweden,Johanna Oade,Ford
Poland,Sheeree Mount,GMC
China,Harold Lester,Volkswagen
Indonesia,Sal Hollindale,Chevrolet
Argentina,Donnie Gautrey,Pontiac
Russia,Fanny Davidovics,Dodge
Japan,Alameda Asquith,BMW
Saudi Arabia,Raf Barrar,Plymouth
Russia,Kalle Angrove,Chevrolet
China,Renae Kop,Cadillac
Zambia,Doralyn Fleming,Mazda
Gambia,Lucho Crosoer,Dodge
Madagascar,Nina Leverett,Chevrolet
Peru,Micah Westwick,Volkswagen
Portugal,Hardy Pywell,GMC
Brazil,Horace Velte,Pontiac
Indonesia,Ginny Loweth,Ford
China,Aguste Affleck,Mitsubishi
Greece,Julio Gynn,Lamborghini
Palau,Alicea McFaell,Pontiac
France,Minta Longhorne,Honda
China,Boyce Minster,Lexus
Ecuador,Cesya Ninnotti,Mitsubishi
Tanzania,Bordie Adney,Volkswagen
Panama,Friederike Paulino,Subaru
Philippines,Euell Daggett,Mercedes-Benz
South Korea,Dov Lindenbluth,Dodge
Indonesia,Analise Theakston,Cadillac
France,Charles Dupre,Lotus
Sweden,Filippa Jindrak,Suzuki
Colombia,Jarrod Brouwer,GMC
Indonesia,Sonya Chanter,Nissan
Belarus,Jayme Goodday,Saturn
South Africa,Miof mela De Laci,Ford
China,Elliott Truggian,Dodge
Armenia,Harcourt Knighton,Subaru
Panama,Klement Mora,Kia
China,Sig Delamaine,Subaru
Belarus,Andrus Dufer,Volkswagen
Poland,Osborn Bullan,Ford
Russia,Tucky Snoding,Mitsubishi
China,Katlin Caudelier,Chrysler
Czech Republic,Janel Dongles,Volkswagen
Indonesia,Vassily Gaynesford,Buick
South Africa,Cindelyn Sanz,Mercedes-Benz
Canada,Michele Niesel,Suzuki
Croatia,Burr Culverhouse,Kia
China,Rickert Ingerson,Kia
Guatemala,Hermon Leythley,Mazda
South Africa,Merwyn Paoletto,Volvo
Peru,Fidela Weedall,Ram
China,Christoforo Farnall,Isuzu
Panama,Dorry McCurrie,Chevrolet
Russia,Georgina Kohring,Pontiac
Japan,Carroll Huckell,Dodge
Sweden,Kerri Capinetti,Mazda
Croatia,Bonnie Piotrkowski,Dodge
France,Hedwiga Georgi,Chevrolet
Mauritius,Minta Scopes,GMC
Honduras,Gayel Eefting,Mercury
Brazil,Gwendolin Annell,Mazda
Yemen,Sheffy Kinloch,Volkswagen
Ethiopia,Cicily Cuddehay,Nissan
China,Benny Coventry,Ford
Mexico,Marcelia Dymocke,Eagle
New Zealand,Emmy Youll,Lexus
Bolivia,Kerby Musson,Mazda
Colombia,Dasi Preto,Aptera
Argentina,Kym Senter,Smart
Japan,Alix Bertwistle,Ford
United States,Leigha Hedworth,Oldsmobile
Russia,Daisi Sexon,Lexus
Indonesia,Layla Gauntley,Honda
Thailand,Briggs Solland,Acura
Kenya,Kial Whittock,Jeep
Ireland,Chrissy Drillot,Cadillac
Japan,Hakeem Greenier,Dodge
Czech Republic,Sherlocke Fairlam,Plymouth
China,Augustin Goroni,Scion
China,Chrysler McConway,Mazda
Egypt,Hettie Fraczek,Cadillac
Indonesia,Heda Bain,GMC
Portugal,Eleonore Paolacci,Dodge
Greece,Lennard Cescon,Hyundai
China,Tades Orviss,Mercedes-Benz
Slovenia,Anny Morde,Toyota
Uganda,Bibbie Drewett,Chevrolet
Indonesia,Pepito McGonagle,Ford
China,Shermie Cescotti,Audi
Indonesia,Hillyer Marians,Hyundai
China,Tore Lidgley,Volkswagen
China,Benni Owenson,Ford
Thailand,Benton Mosedale,Mercedes-Benz
Azerbaijan,Boniface Janc,Chrysler
Russia,Frances Ley,Studebaker
French Polynesia,Llywellyn Wandrich,Pontiac
Brazil,Lurette Cominoli,Pontiac
North Korea,Eadith Ivan,Pontiac
Ethiopia,Nicol Wynter,Nissan
Russia,Brantley Ferro,BMW
Ukraine,Happy Vasenkov,BMW
China,Matty Pidgeley,Porsche
Japan,Herman Scotti,Mitsubishi
China,Latrina Bartalini,Toyota
Armenia,Noreen Swatman,Dodge
China,Kenny Whiteoak,Mitsubishi
Laos,Sam Colls,Dodge
Indonesia,Alfy Megarry,Volkswagen
China,Van Guerrero,Volkswagen
Poland,Farris Vanichkin,Nissan
Indonesia,Halsy Silwood,Lincoln
Philippines,Ynes Orbine,Dodge
Colombia,Glenn Tyres,Volkswagen
China,Raffaello Dymott,Cadillac
United States,Weider Curteis,Acura
United States,Raddy Gwinn,GMC
Estonia,Gale Shippey,Buick
Malta,Emerson Daveran,Mercedes-Benz
Czech Republic,Veronique Tooze,Ford
Poland,Michail Dewi,GMC
Morocco,Rochella Finlow,Volkswagen
Palestinian Territory,Charil Raund,Chevrolet
Honduras,Brandtr Baise,Ferrari
France,Donalt Von Der Empten,Lotus
Indonesia,Theressa MacSweeney,Mazda
United States,Rachael Jina,Hyundai
Russia,Josee Spellsworth,Hyundai
Myanmar,Luciano Guyonnet,Chevrolet
Mexico,Carmel Purbrick,Ford
Malaysia,Mason Starrs,Toyota
China,Renaldo Mealand,Buick
Argentina,Boothe Tschierasche,Bugatti
Russia,Mordecai Swire,Ford
China,Merwin Pygott,Ford
Argentina,Selestina McLoughlin,Spyker
China,Berenice Trout,Toyota
China,Steffi Ferretti,BMW
Greece,Chastity Purle,BMW
Chile,George Lorenzetti,GMC
Indonesia,Herschel Thorne,Suzuki
Nigeria,Joann Summersett,Scion
Malaysia,Druci Creamer,Land Rover
Paraguay,Micheline Vidyapin,Mazda
Indonesia,Chan Tincknell,Nissan
Iran,Holli Lounds,Buick
China,Matti Casoni,Honda
China,Zack Barrott,BMW
China,Shannah Guillain,Lotus
Pakistan,Dennie Hanse,Chevrolet
Portugal,Blakelee Zolini,Dodge
France,Dorian MacCheyne,Volkswagen
Honduras,Jermayne Stradling,Pontiac
Mongolia,Charmine Eggleton,Suzuki
Portugal,Amandie Loadman,Rolls-Royce
China,Holly Edworthye,Saturn
Indonesia,Atlanta Hiorn,Honda
Colombia,Dolley Gurg,Mercedes-Benz
Azerbaijan,Lyndy Fessier,Isuzu
Russia,Garey Caulcott,Smart
Philippines,Kenon Ackhurst,BMW
Canada,Marabel Blasiak,Volkswagen
Russia,Enrika Glen,Jeep
Tanzania,Filia Duddin,Suzuki
China,Roxine McAdam,Toyota
Brazil,Marnia McAlester,BMW
Guam,Zaccaria MacSwayde,Suzuki
Greece,Oswald Bouch,Mazda
Indonesia,Elia Evetts,Toyota
Nigeria,Petrina Kaminski,Ford
Indonesia,Armando Smedmore,Buick
Russia,Bobine Gerram,Ford
United Arab Emirates,Phillip Fishbie,Porsche
Poland,Euell O'Curneen,Lincoln
Mongolia,Darbie Djurevic,Pontiac
Morocco,Dana Harnwell,Ford
Thailand,Donetta Foulds,Acura
China,Bryon Honack,Nissan
Indonesia,Jarrod de Grey,Buick
Philippines,Pavia Macklin,Chevrolet
France,Lyndsey Gyorgy,Rolls-Royce
Thailand,Yuri O'Cooney,Ford
China,Brantley Beamond,Mitsubishi
Burkina Faso,Caro Dreamer,Chevrolet
Indonesia,Truda Cashman,Chevrolet
Vietnam,Graig Criag,Ford
Portugal,Cody Licciardello,Lexus
China,Carmel Doonican,Dodge
Costa Rica,Ramsey Innis,Chevrolet
China,Odey Pull,Cadillac
Hungary,Francis Buckwell,Kia
Ecuador,Emelina Bembridge,Mitsubishi
France,Herrick McCard,Chrysler
Botswana,Rani Duffield,Audi
Poland,Teodorico Alexander,Mitsubishi
Indonesia,Alexis Mulvin,Lotus
Philippines,Winny Shemmin,Nissan
China,Fonz Scholtis,Honda
Canada,Shae Underhill,Nissan
Indonesia,Jeffry Jakubiak,Acura
Israel,Evelyn Hopkyns,GMC
Lithuania,Hartwell Drakes,Buick
Saint Barthelemy,Petey Gherarducci,Ford
Canada,Rosalynd Sobczak,Nissan
Angola,Lynn Puttock,Suzuki
Slovenia,Carena Ancketill,Cadillac
Portugal,Rudyard Fossey,Mitsubishi
China,Bradly Frick,Mazda
Russia,Evanne Creebo,Mercury
Israel,Trip Pichan,Chevrolet
Canada,Chrystel Mechic,Volkswagen
United States,Clement Cracker,Chevrolet
Japan,Moritz Meron,Honda
Nigeria,Matelda Loosley,Acura
Nigeria,Goraud Ackery,Volvo
Mexico,Lammond Dooney,Toyota
Peru,Clementius Instock,Hyundai
United States,Phillipp Flanaghan,Acura
Colombia,Addison Borgne,Saab
Philippines,Genovera Linny,Jeep
China,Peggi Moffet,Chevrolet
China,Karoly Rahlof,Suzuki
Nepal,Saba Ridewood,Dodge
Thailand,Mahala Pavlenko,Ford
Nigeria,Shawn Dumpleton,Mitsubishi
Thailand,Sara Surman,Nissan
Philippines,Piper Wallett,Nissan
Venezuela,Reta Sirett,Toyota
China,Humfrey Hruska,Mercedes-Benz
Colombia,Roi McReath,Volkswagen
North Korea,Gustav Seiler,Pontiac
China,Katee Lincey,Dodge
China,Mara Croal,Lexus
Brazil,Betti Farquhar,Ford
Indonesia,Keven Girardini,Smart
Georgia,Valenka Stendall,Mercedes-Benz
Canada,Christiana Lindeman,Porsche
Mexico,Travers Giacubbo,Chevrolet
Brazil,Shelagh Stocken,Ford
China,Quinn Sotham,Ford
Indonesia,Tibold Simco,Toyota
Tajikistan,Ly Olivier,BMW
China,Isaak Pinn,Pontiac
Poland,Laughton Idney,Cadillac
Bulgaria,Colly Yerlett,Buick
Portugal,Raven Burden,Mitsubishi
Indonesia,Delbert McDougall,Hyundai
France,Hamlen Blakebrough,Mitsubishi
Sierra Leone,Heinrick Frugier,Volkswagen
Albania,Bird Carlett,Mercedes-Benz
China,Claiborn Gutridge,Ford
China,Shoshanna Hegge,Toyota
Indonesia,Alistair Fanshaw,Bugatti
China,Cherye Zamora,Mazda
Mexico,John Exelby,Volkswagen
Philippines,Morgen Pryer,Lexus
Czech Republic,Adan Worral,Mitsubishi
Cuba,Shurlocke McCready,Mitsubishi
China,Lenette Gonzalez,Mazda
United States,Giffer Kleinschmidt,GMC
China,Jamie Ronchetti,Mitsubishi
Mauritius,Tildie Bartoli,Lexus
Denmark,Kearney Tunmore,Hyundai
Vietnam,Teri Tunnadine,Ford
Philippines,Lincoln Mirfield,Mercedes-Benz
China,Audy Abramowitch,Cadillac
Estonia,Bernard Conkie,Kia
Malaysia,Reinaldo Dzeniskevich,Ford
Argentina,Claudius McHugh,Acura
Philippines,Bernete Guilloton,Mitsubishi
China,Rita Pomeroy,Ford
China,Kathi Staden,Plymouth
South Africa,Caren Mioni,Kia
China,Israel Hockell,Mercury
Indonesia,Dreddy Thominga,Chevrolet
France,Anastasie Wilshaw,Dodge
Bulgaria,Martita Heis,Isuzu
Peru,Dotty Scholcroft,Mercury
United States,Aguste Brekonridge,Ford
Russia,Shaun Sole,Honda
Macedonia,Jayme Lamlin,GMC
Indonesia,Tiertza Sand,GMC
Portugal,Francis Butt Gow,Aptera
France,Shanta Joynt,Volvo
Colombia,Hynda Lelliott,Ford
Sweden,Jacob Goodin,Kia
Nigeria,Ludovika McCart,Chevrolet
China,Duky Szapiro,Chevrolet
Philippines,Loraine Batrick,Spyker
Peru,Guenevere LeEstut,Ford
Kazakhstan,Granthem Urey,Lincoln
China,Debora Bruffell,Mercury
United States,Terrence Lindstrom,Subaru
Indonesia,Gena Taffley,Toyota
Guatemala,Saundra Blyth,Mercedes-Benz
China,Arleyne Abrahami,Hyundai
China,Wilt Plett,Acura
Norway,Darda Southway,Porsche
United States,Ailene Manz,GMC
Philippines,Carroll Mafham,Pontiac
Brazil,Gusti Sabathe,Ford
Philippines,Nate De Ortega,Cadillac
Indonesia,Shanie Johnstone,Pontiac
Iran,Elka Kyndred,Volkswagen
Lebanon,Ivory Dendle,Aston Martin
Brazil,Delainey Caverhill,Ford
Ecuador,Kathie Carrodus,Mitsubishi
China,Gerianne Nye,Mitsubishi
Portugal,Kristofer McCoveney,Mercury
Brazil,Martelle Bowstead,Ford
Brazil,Suki Beese,Honda
China,Lana Carrigan,GMC
Tanzania,Dee dee Forsard,Audi
China,Alexis Maw,Acura
Paraguay,Clarence Tutton,Buick
China,Quincey Lucien,Chrysler
Iran,Judith Blodg,BMW
Philippines,Diannne Rallinshaw,GMC
Spain,Gloriana Dunn,Chevrolet
Colombia,Barnabe Dinesen,Mitsubishi
Slovenia,Amandi Patel,Mazda
Indonesia,Malachi Molen,Jaguar
Indonesia,Alie Rasor,Ford
China,Elvira McRae,Audi
Czech Republic,Jared Mayler,Ford
China,Cale Carrodus,GMC
China,Ramsey Wickendon,Mazda
Afghanistan,Hermon Bing,Suzuki
China,Elva Fulloway,Ford
Trinidad and Tobago,Edmon Bowfin,Rolls-Royce
France,Miran Berns,BMW
China,Jo Gerholz,Nissan
Indonesia,Drucill Pennone,Toyota
China,Noel Sarten,Chevrolet
Bosnia and Herzegovina,Linet Dutt,Ferrari
Thailand,Trix Summerson,Acura
Brazil,Saunder Sergison,Honda
Estonia,Sher Schenfisch,Mitsubishi
Brazil,Conrade Marien,Toyota
China,Benton Barltrop,Dodge
Russia,Ogden Close,GMC
Macedonia,Barnard Tallach,CitroÃ«n
Finland,Wilfred Drezzer,Chevrolet
Ireland,Hannah Signore,Volvo
Indonesia,Kym Fitchew,BMW
France,Karine Fawdry,Lincoln
Poland,Atlante Rainer,Dodge
China,Alejoa Hassard,Hyundai
Indonesia,Tucky Dunstan,Mercury
Argentina,Mandel MacDwyer,Mercedes-Benz
Honduras,Kaylil Pallis,Land Rover
Palau,Mickey Keynes,Buick
Kyrgyzstan,Dyane Oxbie,Lexus
Albania,Chloe Pashley,Ford
China,Stephanie Louys,Mitsubishi
Portugal,Hubey Vinck,BMW
France,Melamie Vella,Mitsubishi
Panama,Laurens Braim,Toyota
China,Major Zammitt,GMC
China,Padraic Ratray,Toyota
China,Stanislas Jedrychowski,Dodge
Portugal,Lothario Behnecken,Mercedes-Benz
Pakistan,Sherwood Dmitrienko,Aston Martin
Poland,Peggy Otto,Audi
Indonesia,Niven McColl,Mercury
Thailand,Ava McMeeking,Buick
Iran,Demeter Copozio,Mitsubishi
North Korea,Lillis Tweedy,Jaguar
Russia,Berrie Garshore,Chevrolet
Indonesia,Calypso Osban,Ford
South Africa,Georgetta Wynter,Jeep
Philippines,Daniella De Bruyne,Suzuki
Sweden,Lorenzo Loblie,Mazda
Belize,Cheston Areles,Mercedes-Benz
Indonesia,Theresina Castelli,Oldsmobile
United States,Evelina Simonel,Austin
Croatia,Jan Faulo,Mercedes-Benz
Lithuania,Percival MacCosto,Porsche
Japan,Elias Fitkin,Pontiac
China,Wilek Isson,Pontiac
Hungary,Lynett Spight,Porsche
Croatia,Brigid Boggas,Acura
Philippines,Marylin Abell,Dodge
Philippines,Isabeau Bisterfeld,Maybach
China,Norrie Cadamy,Toyota
Russia,Scarlet Merriton,Dodge
Pakistan,Shannah Gunby,Mercury
China,Armstrong Surridge,Honda
Russia,Robinet Windows,Lincoln
Indonesia,Tildy Dowbekin,Suzuki
Japan,Kiley Trousdale,Honda
China,Lynnett Pigram,Isuzu
Mexico,Merell Laxon,Ford
France,Briney Eliez,Cadillac
Pakistan,Allix Davidsson,Mercedes-Benz
China,Quinn Caveney,Aston Martin
Denmark,Lalo Mechan,Chevrolet
China,Konstance Dunridge,Dodge
Philippines,Witty Egginson,Mercedes-Benz
Egypt,Iain Gillam,Mitsubishi
Brazil,Eolande Summers,Cadillac
Philippines,Dame South,Dodge
Portugal,Lind Gracey,Chrysler
China,Bertram Dibner,Isuzu
China,Dennet Filler,Chevrolet
Indonesia,Edin Cocci,Kia
Indonesia,Amalia Reekie,Chevrolet
Azerbaijan,Gareth Arzu,Scion
Canada,Ariana Atack,Mazda
China,Goraud Egger,Saab
China,Pietra Conry,Chevrolet
Japan,Garrard Luipold,Ford
Canada,Georgetta Strank,BMW
Guatemala,Ruperta Povah,Volkswagen
China,Philomena O'Luby,Saab
Indonesia,Tabbie Hand,Pontiac
Russia,Evered Lathee,Ford
Sweden,Cloe Treagus,GMC
Indonesia,Gisele Ivanisov,Buick
Guatemala,Kirby Basezzi,Chevrolet
Slovenia,Alex Styan,Toyota
Brazil,Smitty Patel,Suzuki
Malaysia,Zorah Beardow,Dodge
Portugal,Sarah Brandone,Mercury
Argentina,Ibby Ethridge,Land Rover
Vietnam,Jonah Metts,Cadillac
Indonesia,Gabbie Birkett,Chrysler
United States,Raddie Gommowe,Kia
United States,Gard Durtnall,Chrysler
Russia,Shara Kirdsch,Volkswagen
Argentina,Leonie Lantiffe,Lotus
Indonesia,Fae Zellick,Porsche
Afghanistan,Felice Lafflin,Lincoln
China,Wandis Harbron,BMW
China,Rivalee Gaenor,Jaguar
Russia,Janifer Fennelow,GMC
Brazil,Heida Rigby,Ford
Indonesia,Travis Dionisio,Lincoln
Argentina,Olwen Mackinder,Volkswagen
China,Hewett Groarty,Audi
North Korea,Morganne Britzius,Dodge
Canada,Jennie Doberer,Toyota
Philippines,Caye Kiebes,Lincoln
Ukraine,Nancie Rosenauer,Ford
Panama,Kellie Alvey,Pontiac
Pakistan,Gifford Lewty,Scion
Japan,Benito Blunderfield,Saab
United States,Terence Colbridge,Chrysler
Nigeria,Mateo Kerbler,Mazda
Sweden,Anabel Glede,Toyota
Indonesia,Allyn Florence,Toyota
Greece,Cheryl MacAllan,Volkswagen
Argentina,Daveen Southworth,Audi
China,Elisabet Panas,Mercedes-Benz
Philippines,Clem Feely,Hyundai
Russia,Antoinette Horburgh,Volkswagen
China,Kenna Danielli,Lincoln
China,Bailey Pawling,Alfa Romeo
Indonesia,Courtney Gerdes,Ford
Portugal,Chicky Simionato,Volvo
Russia,Peadar Blackbourn,Nissan
Brazil,Susy Stoyles,Oldsmobile
China,Jay Nigh,Austin
China,Lynn Shillam,Ford
Brazil,Melany Dansken,Maybach
Philippines,Leon Raund,Mercury
Cuba,Emmit Ordidge,Acura
Poland,Ab McDell,Ford
Uruguay,Terri Scotney,Ford
Bosnia and Herzegovina,Giorgi Slyvester,BMW
Czech Republic,Dorthy Terris,Buick
Indonesia,Michele Feldmann,Chevrolet
Sweden,Caterina Ivanovic,Mitsubishi
Ireland,Mozelle Parrington,Ford
Malta,Roseline Comford,Chevrolet
Indonesia,Riane Crosthwaite,Daewoo
France,Caria Gibbett,Chevrolet
Portugal,Sigfried Fulloway,Plymouth
Indonesia,Bria Ayree,Ford
Brazil,Amata Marsy,Maserati
Indonesia,Kingsly Glaisner,Suzuki
France,Stephana Blackman,Chevrolet
Portugal,Far Lightbourne,Volvo
Indonesia,Nickolas Dahmel,Toyota
Canada,Codee Plaid,Infiniti
Philippines,Jania Persse,Honda
France,Phaidra Adshede,Land Rover
Dominican Republic,Louisa Granham,Mercury
China,Meade Everill,Hyundai
Vietnam,Irving Joslow,Mercury
Japan,Verile Scarbarrow,GMC
Russia,Arch Lipyeat,Oldsmobile
Japan,Myrta Kelberman,Chrysler
China,Orsola Drinkel,Mazda
China,Lynnet Domm,Lamborghini
Philippines,Fernande De Mitris,Buick
Philippines,Travers Mandifield,Chevrolet
Indonesia,Jarret Berick,Mitsubishi
Yemen,Karylin Lafflin,Mazda
Philippines,Bevin Eade,Buick
Indonesia,Karole Cumes,Cadillac
Poland,Chiquita Godard,Chevrolet
United States,Aron Stearns,BMW
United States,Clemmy Bartke,Chevrolet
Russia,Alicea Vashchenko,Acura
Iran,Marquita Cubbini,Mercedes-Benz
Portugal,Geralda O' Brian,Acura
Ukraine,Daron Smaleman,Chevrolet
South Korea,Eldin Canelas,Volvo
Bolivia,Kinna Kellitt,Porsche
China,Thomasin Haggith,Honda
Iran,Adrea Newart,Honda
China,Edsel Cruse,Chevrolet
Syria,Brendin Schwieso,Plymouth
Philippines,Laurens Preshaw,Scion
Panama,Michal Kelk,Pontiac
China,Abraham Philcox,Mitsubishi
Yemen,Laural Marsay,Mitsubishi
Philippines,Corbet Cathery,Toyota
Argentina,Devlin Beardsworth,Mercury
Tanzania,Roxane Healey,Mazda
Indonesia,Tabina Abramovitz,Acura
Indonesia,Gwynne Bauser,Pontiac
Philippines,Nichole McConnal,Suzuki
Brazil,Edyth Rustich,GMC
United States,Des McCarlich,Chevrolet
China,Ginger Inchbald,Cadillac
Ivory Coast,Cornelia Arnaldo,Ferrari
China,Tatiana Chiddy,Ford
Saudi Arabia,Meridith Jimmison,Pontiac
China,Neysa Fotheringham,Suzuki
China,Aguie Bonsall,Chevrolet
Poland,Stella Broker,Chevrolet
Indonesia,Adolphus Blaycock,Lincoln
Japan,Adiana Bennison,Nissan
Poland,Hyacintha Hirtzmann,Honda
China,Jessi Cardow,Subaru
China,Mordy Kew,Ford
Sweden,Kristofer Bonas,Oldsmobile
Japan,Verina Haycraft,Land Rover
Jamaica,Shannah Bibbie,Cadillac
China,Caty Bumfrey,Toyota
Thailand,Giacopo Vondrasek,Land Rover
Honduras,Odette Morl,Volkswagen
Kazakhstan,Murvyn Garnson,Porsche
Indonesia,Chad Hanney,Isuzu
China,Cindelyn Climer,Ford
Sweden,Lilith Petschelt,Buick
Philippines,Karon De Bruijne,GMC
Thailand,Justinian Silversmid,GMC
Serbia,Auroora Tregidga,Land Rover
Philippines,Stacie Arnao,Chevrolet
Ireland,Marybelle Bothe,Toyota
Indonesia,Teirtza Oubridge,Ford
Indonesia,Zorana Laguerre,Mazda
Russia,Lonnard Code,Ford
Portugal,Biddie Romayne,Lexus
France,Patrice Joseff,BMW
Bulgaria,Ambrosi Borley,Saab
Brunei,Marie Lettley,Mercedes-Benz
United States,Stevy Varfalameev,Infiniti
China,Shaughn Blunsum,Ford
Philippines,Selinda Clemow,Toyota
Ukraine,Bernard Ruckhard,Audi
Indonesia,Anjela Ubanks,Mercedes-Benz
Czech Republic,Packston Ost,Chevrolet
China,Jecho Elderbrant,Chevrolet
Croatia,Sada Carlsen,Honda
Japan,Shane Stickney,Nissan
China,Jodie Rainbow,Chevrolet
Paraguay,Lindon Brentnall,Subaru
Bosnia and Herzegovina,Dominica Hammand,Isuzu
Japan,Aloysia Kenway,Suzuki
New Caledonia,Adelina Kyles,Ford
Poland,Lyssa Vollam,Lexus
France,Cathlene Pridmore,Plymouth
Russia,Lorilee Hedin,Volkswagen
Italy,Elset Dodshun,Porsche
Mexico,Dorothee Springall,Saturn
Thailand,Donn Priel,Ford
Poland,Jerrilee Loakes,Honda
Palestinian Territory,Wilone Johannes,Audi
Poland,Megan Veale,Pontiac
Bangladesh,Roch Shapland,Suzuki
China,Bernardina Messitt,Porsche
Indonesia,Teodoro MacAlroy,Mazda
Ukraine,Lyda Legg,Acura
Indonesia,Keslie Thurstan,Pontiac
Mexico,Zebulen Clewlow,Oldsmobile
Sierra Leone,Johnathan Lory,Cadillac
Finland,Maddie Ferrierio,Mitsubishi
Japan,Vassili Crimin,Porsche
China,Jolee Shalcras,Acura
China,Laney Clawsley,Honda
Japan,Sigismond Flemmich,Eagle
Philippines,Lisle Rubenfeld,Mazda
Nigeria,Merna Puddephatt,Toyota
Poland,Glendon Whyte,Cadillac
Philippines,Matthieu Stivani,Honda
Indonesia,Ignace Lusk,Chevrolet
Mexico,Cymbre Pinxton,Toyota
Poland,Nester Fraschini,Ford
Indonesia,Luciana Stammirs,Ford
Venezuela,Hinda Kilcullen,Nissan
Egypt,Lemuel Middlemiss,Buick
South Korea,Alphonse Skaif,Pontiac
China,Margy Casaletto,BMW
Palestinian Territory,Wallache Colliford,Buick
France,Debora Vanlint,Corbin
China,Mischa Warriner,Mazda
Canada,Sawyere Tice,Volvo
Portugal,Ewart Dougher,Panoz
China,Ruth Honeyghan,Lincoln
Ukraine,Griswold Loiterton,Chevrolet
China,Zak Mattacks,Dodge
Armenia,Norbie Girdlestone,Mitsubishi
Russia,Baxter Carnock,Audi
United States,Archibaldo Reinhardt,Mitsubishi
United States,Jaymee Klossmann,Dodge
Mongolia,Emmey Diggar,Pontiac
Canada,Heddi Isgar,Hyundai
Philippines,Iver England,Acura
Philippines,Buddie Lilbourne,Mitsubishi
China,Kinny Burrett,Mercury
Peru,Carri Sainz,Mercedes-Benz
Thailand,Ray Mallock,Kia
Japan,Caron Jorcke,BMW
Sierra Leone,Ivan Tredwell,Mercury
Colombia,Emmanuel Eake,Land Rover
Sweden,Carmine Kinney,Subaru
China,Valentine Brazier,Mercedes-Benz
Mexico,Jackquelin Lissett,BMW
Pakistan,Raffarty McKaile,Volkswagen
Lithuania,Valeria Truder,Mercedes-Benz
Czech Republic,Jayme Hadley,Ford
Latvia,Rutter Varah,GMC
France,Anallise Logesdale,Pontiac
Philippines,Verne Creagh,Aston Martin
Philippines,Hilliard Pope,BMW
China,Georgeanna Lattimore,Kia
Nigeria,Emanuele Dmiterko,Buick
China,Prisca Bodimeade,Hummer
Cape Verde,Ferd Dulake,Mitsubishi
Brazil,Whitney Garratty,Scion
Brazil,Meir Filipov,Pontiac
Poland,Shanna Linke,Mazda
Iran,Shawnee Dottridge,BMW
France,Claudelle Ackermann,Subaru
Indonesia,Karlens Noulton,Ford
Canada,Jobey Leverington,Chevrolet
Indonesia,Giacomo Brinkworth,Saab
Argentina,Steffi Stiggers,Volkswagen
Portugal,Howey Meneely,Pontiac
Russia,Evered Iliffe,Ford
China,Edyth Willmont,Ford
Indonesia,Jewelle Delaney,Pontiac
Indonesia,Alicea Bendelow,Buick
Finland,Ondrea Baber,Mitsubishi
Ecuador,Keslie Rihosek,Ford
China,Brinn Gilmore,Jeep
Portugal,Tally Cutforth,Dodge
Norway,Sheelagh Shearman,Ford
China,Sara Hobden,Toyota
Colombia,Brett Swaby,Oldsmobile
Swaziland,Symon Benes,Toyota
Czech Republic,Valentijn Kelson,Mercury
North Korea,Rutger Deery,Pontiac
Indonesia,Daven Spear,Acura
Philippines,Loren Branton,Lincoln
Thailand,Tersina Bedburrow,Chevrolet
Indonesia,Gerladina MacCracken,Kia
Armenia,Waylon Wille,Chrysler
Portugal,Madlin Kneaphsey,GMC
France,Ketti Keir,Mazda
Honduras,Sheeree Vasser,Chevrolet
Indonesia,Shalne Farrall,Pontiac
Poland,Andy Labden,Pontiac
United States,Constanta Blackett,BMW
Belarus,Shayne Braniff,Chevrolet
Indonesia,Flory Gilkes,Suzuki
Philippines,Maye Fossey,Chevrolet
Poland,Jehu Tompkins,Chevrolet
France,Ailsun Lared,Saab
Dominican Republic,Bobinette Fitt,Aston Martin
China,Tamera Schoolcroft,Chevrolet
China,Lanita Woodhall,Mitsubishi
Finland,Marga Cogzell,Hyundai
Mongolia,Mechelle Huff,Land Rover
Norway,Glynis Christoffersen,Mazda
Bosnia and Herzegovina,Dolorita Feldbau,Ford
Croatia,Nickolas Finley,Buick
Japan,Ty Maddrell,Lincoln
Sri Lanka,Concettina Asprey,Dodge
Indonesia,Andie Yvens,GMC
Portugal,Colly Springtorpe,GMC
Pakistan,Pepito McConway,Mitsubishi
Philippines,Fannie Lawford,Pontiac
Russia,Broddie Bourcq,Acura
Indonesia,Rubetta Kundert,MINI
Gambia,Mada Costard,Chevrolet
China,Klemens Campanelle,Subaru
Madagascar,Egon Keuntje,Pontiac
Philippines,Jerad Doole,GMC
Russia,Crichton Espinal,Kia
Indonesia,Veronika Benini,Honda
Ukraine,Hillyer Clooney,Hyundai
United States,Teirtza Roches,Toyota
Ghana,Cad Salzen,Maserati
China,Lay Metham,Acura
Czech Republic,Pansy Mighele,Pontiac
China,Merwin Degue,Audi
Poland,Pepito McClifferty,Mercedes-Benz
Argentina,Margy Sherman,Honda
Ukraine,Lennie Bubear,Chevrolet
Indonesia,Gisela MacCaughan,Audi
Greece,Nikos Landreth,Nissan
Indonesia,Dylan Clowser,Ferrari
China,Lorena Paulillo,Toyota
Poland,Iver Farnworth,Pontiac
Ukraine,Tasha Everleigh,Volvo
Philippines,Norbie Worham,Toyota
Indonesia,Charlean Clyburn,BMW
Germany,Kimberli Autin,Peugeot
China,Gualterio Braunds,Toyota
Peru,Shirlene Lewin,Jaguar
Sweden,Basile Sholem,Mercedes-Benz
Sweden,Skyler Swindles,Nissan
Mongolia,Dora Konke,Chrysler
China,Stephana Haugen,Dodge
Peru,Hephzibah Barniss,Saab
France,Loraine Mosdill,Saturn
China,Ennis Blackler,Ford
China,Hobie Blonfield,Pontiac
New Zealand,Millard Humbles,Chevrolet
China,Idaline Munby,Lamborghini
Canada,Rafaelita Saile,Mazda
China,Etan Strettle,Hyundai
Serbia,Abbe Aguirrezabal,Audi
Czech Republic,Etta Rexworthy,Dodge
China,Fabe McAlees,Suzuki
Pakistan,Alica Gobell,Acura
Russia,Jeff Cranham,Porsche
Poland,Elise Reddy,Suzuki
China,Halsey Diess,Subaru
Brazil,Toinette Mitie,Pontiac
Indonesia,Jillian Carrabot,Mercedes-Benz
Thailand,Susana Lace,Hummer
China,Murray Hembery,Lexus
Malaysia,Seamus Clears,Audi
Philippines,Jarad Dacres,Mercury
Ukraine,Brose Beveredge,Ford
United States,Robby Grutchfield,Hyundai
Indonesia,Blakeley Reside,GMC
United States,Wade Rubrow,Mazda
Bosnia and Herzegovina,Cary Blanchflower,Volkswagen
Myanmar,Kevon Desporte,Porsche
Ukraine,Fancy Whybrow,Mitsubishi
Cuba,Roselle Rhoddie,Mercury
Russia,Terrye Mettricke,Jaguar
Guatemala,Gustav Crutchley,Lincoln
Argentina,Jeni Kinnett,Rolls-Royce
Indonesia,Flore MacIntosh,Chevrolet
Poland,Sonya Stoker,Mitsubishi
Portugal,Consolata Jesper,Oldsmobile
Indonesia,Christophe Brennon,Ford
Indonesia,Gunar Crosskill,Bentley
France,Tremayne Garci,Mercury
China,Danyette Lindegard,Volkswagen
Japan,Lissy Barnwall,Chevrolet
Indonesia,Adrien Persicke,Ford
Albania,Ferdinand Manville,Toyota
Malta,Thornton Doogue,Oldsmobile
China,Karl Walentynowicz,Acura
Vietnam,Ingeborg Punshon,Lamborghini
Indonesia,Tandie Chessil,Kia
Indonesia,Elton Blagdon,Dodge
North Korea,Angie Sharram,Suzuki
Indonesia,Rosalyn Stollenbecker,Dodge
Jamaica,Alair Walkington,Audi
China,Sophi Kristufek,Volvo
China,Elena Sargood,Honda
China,Hedvig Turfrey,Dodge
Japan,Tobey Simison,Chevrolet
Indonesia,Danya Djakovic,Kia
China,Kimberli Boughtflower,Chevrolet
Russia,Giorgio Fuentes,Oldsmobile
Argentina,Niki Bonifant,Chrysler
United States,Claribel Giffard,Volkswagen
Portugal,Lynde Duncombe,Mercedes-Benz
Serbia,Salli Stamp,BMW
Indonesia,Kaia Toplin,Hyundai
Kosovo,Myranda Mushet,Lexus
China,Evangelia Mullinder,GMC
China,Crysta Quilligan,Nissan
Laos,Lorettalorna Patrone,Ford
France,Grayce Gare,Mazda
China,Linda Bes,Oldsmobile
China,Andreas Bortoletti,Hyundai
Philippines,Hugo Ohrt,Dodge
Russia,Sashenka Hedworth,Dodge
Moldova,Manon Izkovicz,Ford
China,Maggy Hanmore,Morgan
Nigeria,Arte Bridger,Mercury
Indonesia,Humbert Mc Coughan,Buick
Brazil,Brandais Heinsius,Maybach
Ukraine,Ram Cabane,GMC
Poland,Archer Devany,Rolls-Royce
China,Ilaire Arger,BMW
Peru,Kathrine McKelvie,Lexus
Portugal,Gaspar Croston,BMW
Indonesia,Pooh Spearett,Kia
United States,Killie Kirley,Audi
Greece,Rickie Joul,Mitsubishi
Hungary,Reuben Clapison,Chevrolet
Ivory Coast,Noak Tight,Mazda
China,Fremont Girault,Dodge
China,Loreen Hanaford,Subaru
Indonesia,Morgan Speir,Lincoln
Japan,Liana Robbie,Mercury
Sweden,Frederigo Lambkin,Mercedes-Benz
Malta,Sutherland Astbury,Chevrolet
China,Evangeline Lapree,Ford
Colombia,Bogart Lakes,Honda
Montenegro,Gwendolen Riditch,GMC
Philippines,Neall Beckingham,Nissan
China,Ben Yuryev,Ford
Canada,Hendrick Snead,Volkswagen
Ecuador,Lark Brugden,Mercedes-Benz
Indonesia,Justus Danielsky,Mazda
China,Lucina Esser,Ford
China,Chloette Blockwell,Suzuki
Brazil,Rolph Terrans,Mitsubishi
Madagascar,Bryana Bramont,Dodge
Peru,Bernie Bembridge,Nissan
China,Christal Glanfield,Cadillac
Indonesia,Kirsti Fallanche,Honda
Philippines,Agathe Hoofe,Land Rover
China,Nicky Buntine,Subaru
China,Clementius Wooding,Volkswagen
Indonesia,Elisabet Bottoms,Ford
Russia,Cathryn Whitmarsh,Mercury
Poland,Jerry Jarred,GMC
Madagascar,Stearne Balazin,Ford
Estonia,Rudyard McGillecole,Dodge
Nigeria,Gustaf Bathersby,Saab
Afghanistan,Pattin Halling,Volvo
Vietnam,Tammara Iacovucci,Chrysler
Colombia,Robinet Parade,Volkswagen
El Salvador,Sissie Swigg,Audi
Indonesia,Tiffi Danshin,Honda
Colombia,Hollyanne Shivlin,Acura
Sweden,Janka Blackaller,Jaguar
Indonesia,Gabrila Corinton,Mercedes-Benz
Japan,Bobinette Fairpo,Mazda
Micronesia,Marion Brisbane,Lexus
Portugal,Kalie Tasch,Ford
Argentina,Noach Ilyenko,Chevrolet
Ukraine,Karlotte Bloom,BMW
Greece,Bayard Coxhell,Nissan
China,Lamond Koenen,Ford
China,Trixie Duckers,Chevrolet
China,Laverne Bhatia,Ford
Latvia,Grannie Tulip,Ford
